equipo,jornada,dorsal,jugador,rol,linea,orden
Bétera C.F. 'A',1,13,Raul Romero Civera,POR,1,1
Bétera C.F. 'A',1,5,Hugo Jose Morte Garcia,DEF,2,1
Bétera C.F. 'A',1,16,Hugo Armiñana Santamaria,DEF,2,2
Bétera C.F. 'A',1,22,David Aparisi Martinez,DEF,2,3
Bétera C.F. 'A',1,29,Adrian Cervera Balaguer,DEF,2,4
Bétera C.F. 'A',1,8,Guillem Vazquez Sahuquillo,MED,3,1
Bétera C.F. 'A',1,10,Marc Bosch Campos,MED,3,2
Bétera C.F. 'A',1,14,Alberto Guil Sierra,MED,3,3
Bétera C.F. 'A',1,7,Santiago Gonzalez Asensi,ATA,4,1
Bétera C.F. 'A',1,9,Iker Argandoña Roch,ATA,4,2
Bétera C.F. 'A',1,27,Daniel Bosque Diaz,ATA,4,3
Bétera C.F. 'A',2,13,Raul Romero Civera,POR,1,1
Bétera C.F. 'A',2,5,Hugo Jose Morte Garcia,DEF,2,1
Bétera C.F. 'A',2,22,David Aparisi Martinez,DEF,2,2
Bétera C.F. 'A',2,27,Daniel Bosque Diaz,DEF,2,3
Bétera C.F. 'A',2,29,Adrian Cervera Balaguer,DEF,2,4
Bétera C.F. 'A',2,8,Guillem Vazquez Sahuquillo,MED,3,1
Bétera C.F. 'A',2,10,Marc Bosch Campos,MED,3,2
Bétera C.F. 'A',2,14,Alberto Guil Sierra,MED,3,3
Bétera C.F. 'A',2,17,Santiago Fabregat Gregorio,ATA,4,1
Bétera C.F. 'A',2,19,Asier Lopez Olivares,ATA,4,2
Bétera C.F. 'A',2,21,Valentin Lopez Montesinos,ATA,4,3
Bétera C.F. 'A',3,1,Alex,POR,1,1
Bétera C.F. 'A',3,5,Hugo Jose Morte Garcia,DEF,2,1
Bétera C.F. 'A',3,14,Alberto Guil Sierra,DEF,2,2
Bétera C.F. 'A',3,16,Hugo Armiñana Santamaria,DEF,2,3
Bétera C.F. 'A',3,22,David Aparisi Martinez,DEF,2,4
Bétera C.F. 'A',3,29,Adrian Cervera Balaguer,DEF,2,5
Bétera C.F. 'A',3,8,Guillem Vazquez Sahuquillo,MED,3,1
Bétera C.F. 'A',3,17,Santiago Fabregat Gregorio,MED,3,2
Bétera C.F. 'A',3,18,Daniel Ram Levi,MED,3,3
Bétera C.F. 'A',3,27,Daniel Bosque Diaz,MED,3,4
Bétera C.F. 'A',3,9,Iker Argandoña Roch,ATA,4,1
Bétera C.F. 'A',4,13,Raul Romero Civera,POR,1,1
Bétera C.F. 'A',4,2,Hugo Alabau Rodrigo,DEF,2,1
Bétera C.F. 'A',4,5,Hugo Jose Morte Garcia,DEF,2,2
Bétera C.F. 'A',4,16,Hugo Armiñana Santamaria,DEF,2,3
Bétera C.F. 'A',4,22,David Aparisi Martinez,DEF,2,4
Bétera C.F. 'A',4,29,Adrian Cervera Balaguer,DEF,2,5
Bétera C.F. 'A',4,8,Guillem Vazquez Sahuquillo,MED,3,1
Bétera C.F. 'A',4,10,Marc Bosch Campos,MED,3,2
Bétera C.F. 'A',4,14,Alberto Guil Sierra,MED,3,3
Bétera C.F. 'A',4,9,Iker Argandoña Roch,ATA,4,1
Bétera C.F. 'A',4,19,Asier Lopez Olivares,ATA,4,2
C.D. Acero 'A',1,1,Abel Martinez Vaquero,POR,1,1
C.D. Acero 'A',1,5,Llorenç Vicent Forner,DEF,2,1
C.D. Acero 'A',1,14,Alejandro De Haro Rodriguez,DEF,2,2
C.D. Acero 'A',1,15,Jorge Fores Biosca,DEF,2,3
C.D. Acero 'A',1,16,Manel Gonzalez Bonet,DEF,2,4
C.D. Acero 'A',1,6,Mario Molina Ballester,MED,3,1
C.D. Acero 'A',1,8,Daniel Blazquez Castillo,MED,3,2
C.D. Acero 'A',1,17,Noah Caballero Parrizas,MED,3,3
C.D. Acero 'A',1,21,Carlos Bracho Trujillo,MED,3,4
C.D. Acero 'A',1,19,Jorge Lopez Vila,ATA,4,1
C.D. Acero 'A',1,20,Mario Navarro Perello,ATA,4,2
C.D. Acero 'A',2,13,Joan Salvador Moreno,POR,1,1
C.D. Acero 'A',2,14,Alejandro De Haro Rodriguez,DEF,2,1
C.D. Acero 'A',2,15,Jorge Fores Biosca,DEF,2,2
C.D. Acero 'A',2,16,Manel Gonzalez Bonet,DEF,2,3
C.D. Acero 'A',2,21,Carlos Bracho Trujillo,DEF,2,4
C.D. Acero 'A',2,6,Mario Molina Ballester,MED,3,1
C.D. Acero 'A',2,8,Daniel Blazquez Castillo,MED,3,2
C.D. Acero 'A',2,10,Hector Martin Baron,MED,3,3
C.D. Acero 'A',2,22,Elias Zamora,MED,3,4
C.D. Acero 'A',2,2,Ibrahim Zahidi Harfouch,ATA,4,1
C.D. Acero 'A',2,20,Mario Navarro Perello,ATA,4,2
C.D. Acero 'A',3,1,Abel Martinez Vaquero,POR,1,1
C.D. Acero 'A',3,14,Alejandro De Haro Rodriguez,DEF,2,1
C.D. Acero 'A',3,15,Jorge Fores Biosca,DEF,2,2
C.D. Acero 'A',3,16,Manel Gonzalez Bonet,DEF,2,3
C.D. Acero 'A',3,23,Sebastien Bryan Blanchet,DEF,2,4
C.D. Acero 'A',3,6,Mario Molina Ballester,MED,3,1
C.D. Acero 'A',3,8,Daniel Blazquez Castillo,MED,3,2
C.D. Acero 'A',3,21,Carlos Bracho Trujillo,MED,3,3
C.D. Acero 'A',3,22,Elias Zamora,MED,3,4
C.D. Acero 'A',3,10,Hector Martin Baron,ATA,4,1
C.D. Acero 'A',3,19,Jorge Lopez Vila,ATA,4,2
C.D. Acero 'A',4,13,Joan Salvador Moreno,POR,1,1
C.D. Acero 'A',4,3,Ianis Gabriel Pesa,DEF,2,1
C.D. Acero 'A',4,15,Jorge Fores Biosca,DEF,2,2
C.D. Acero 'A',4,16,Manel Gonzalez Bonet,DEF,2,3
C.D. Acero 'A',4,23,Sebastien Bryan Blanchet,DEF,2,4
C.D. Acero 'A',4,6,Mario Molina Ballester,MED,3,1
C.D. Acero 'A',4,8,Daniel Blazquez Castillo,MED,3,2
C.D. Acero 'A',4,21,Carlos Bracho Trujillo,MED,3,3
C.D. Acero 'A',4,33,Aaron Madrid Garcia,MED,3,4
C.D. Acero 'A',4,10,Hector Martin Baron,ATA,4,1
C.D. Acero 'A',4,19,Jorge Lopez Vila,ATA,4,2
