jornada,fecha,posicion,equipo,puntos,pj,pg,pe,pp
5,04/10/2026,1,Villarreal C.F. 'C',10,4,3,1,0
5,04/10/2026,2,Alboraya U.D. 'B',10,4,3,1,0
5,04/10/2026,3,C.F. Històrics de València 'A',9,4,3,0,1
5,04/10/2026,4,Ath. Massamagrell C.F. 'A',7,4,2,1,1
5,04/10/2026,5,C.F. Torre Levante 'A',6,4,2,0,2
5,04/10/2026,6,Primer Toque C.F. 'A',6,4,2,0,2
5,04/10/2026,7,C.F. At. Burriana - Salesianos 'A',6,4,2,0,2
5,04/10/2026,8,C.F. Inter San José Valencia 'B',6,4,2,0,2
5,04/10/2026,9,Col. Salgui E.D.E. 'A',5,4,1,2,1
5,04/10/2026,10,Bétera C.F. 'A',5,4,1,2,1
5,04/10/2026,11,C.F. Cracks 'A',4,4,1,1,2
5,04/10/2026,12,Paterna C.F. 'A',4,4,1,1,2
5,04/10/2026,13,Manises C.F. 'A',4,4,1,1,2
5,04/10/2026,14,Patacona C.F. 'B',3,4,1,0,3
5,04/10/2026,15,C.D. Acero 'A',3,4,1,0,3
5,04/10/2026,16,C.D.F. Canet 'A',3,4,1,0,3
