jornada,dorsal,partidos,ocasiones,goles_video,tiros,conversion_pct,eventos_totales,distancia_km,velocidad_media_kmh,minutos_rastreados,velocidad_max_kmh,sprints,carreras_alta_intensidad,fuente,pases_exitosos
3,2,1,0,0,0,0,16,8.6,5.9,89.0,29.4,6.0,17.0,Vídeo J3 Primer Toque–Manises validado por tabla Veo,
3,3,0,0,0,0,0,5,4.0,5.5,44.0,26.0,1.0,2.0,Vídeo J3 Primer Toque–Manises validado por tabla Veo,
3,4,1,0,0,0,0,2,5.0,6.3,49.0,27.4,2.0,12.0,Vídeo J3 Primer Toque–Manises validado por tabla Veo,
3,5,0,0,0,0,0,5,4.5,5.7,49.0,28.3,1.0,5.0,Vídeo J3 Primer Toque–Manises validado por tabla Veo,
3,6,1,0,0,0,0,0,0.9,7.2,7.0,18.6,0.0,0.0,Vídeo J3 Primer Toque–Manises validado por tabla Veo,
3,7,1,0,0,0,0,3,8.4,,,,,,Vídeo J3 Primer Toque–Manises validado por tabla Veo,
3,8,1,1,0,1,0,6,5.7,,,,,,Vídeo J3 Primer Toque–Manises validado por tabla Veo,
3,9,1,5,1,4,20,10,10.0,,,,,,Vídeo J3 Primer Toque–Manises validado por tabla Veo,
3,10,1,0,0,0,0,5,9.9,,,,,,Vídeo J3 Primer Toque–Manises validado por tabla Veo,
3,11,0,0,0,0,0,0,1.7,,,,,,Vídeo J3 Primer Toque–Manises validado por tabla Veo,
3,13,1,0,0,0,0,6,5.2,,,,,,Vídeo J3 Primer Toque–Manises validado por tabla Veo,
3,14,1,0,0,0,0,14,8.9,,,,,,Vídeo J3 Primer Toque–Manises validado por tabla Veo,
3,15,0,0,0,0,0,0,0.3,6.7,3.0,24.4,0.0,1.0,Vídeo J3 Primer Toque–Manises validado por tabla Veo,
3,16,1,1,0,1,0,1,5.8,7.4,49.0,28.2,2.0,18.0,Vídeo J3 Primer Toque–Manises validado por tabla Veo,
3,19,1,0,0,0,0,1,3.5,7.7,29.0,26.3,3.0,21.0,Vídeo J3 Primer Toque–Manises validado por tabla Veo,
3,21,1,0,0,0,0,3,11.4,7.0,98.0,28.0,3.0,25.0,Vídeo J3 Primer Toque–Manises validado por tabla Veo,
3,24,1,1,1,0,100,4,8.7,6.4,82.0,30.9,13.0,33.0,Vídeo J3 Primer Toque–Manises validado por tabla Veo,
