equipo,dorsal,jugador
Primer Toque C.F. 'A',1,Alessio
Primer Toque C.F. 'A',2,Chelli
Primer Toque C.F. 'A',3,Irakli
Primer Toque C.F. 'A',4,Sánchez
Primer Toque C.F. 'A',5,Xavi
Primer Toque C.F. 'A',6,Dennis
Primer Toque C.F. 'A',7,Ian
Primer Toque C.F. 'A',8,Toni
Primer Toque C.F. 'A',9,Sebas
Primer Toque C.F. 'A',10,Bilal
Primer Toque C.F. 'A',13,Jordi
Primer Toque C.F. 'A',14,Blázquez
Primer Toque C.F. 'A',17,Abde
Primer Toque C.F. 'A',19,Mois
Primer Toque C.F. 'A',21,Pedro
Primer Toque C.F. 'A',24,Núñez
Primer Toque C.F. 'A',28,Pau
Primer Toque C.F. 'A',30,Boyan
Bétera C.F. 'A',1,Alex
Bétera C.F. 'A',2,Hugo Alabau Rodrigo
Bétera C.F. 'A',4,Marc Lozano Rodrigo
Bétera C.F. 'A',5,Hugo Jose Morte Garcia
Bétera C.F. 'A',6,Luis Blazquez Plaza
Bétera C.F. 'A',7,Santiago Gonzalez Asensi
Bétera C.F. 'A',8,Guillem Vazquez Sahuquillo
Bétera C.F. 'A',9,Iker Argandoña Roch
Bétera C.F. 'A',10,Marc Bosch Campos
Bétera C.F. 'A',11,Jose Antonio Peña Hernandez
Bétera C.F. 'A',13,Raul Romero Civera
Bétera C.F. 'A',14,Alberto Guil Sierra
Bétera C.F. 'A',15,Philip Dzodzo
Bétera C.F. 'A',16,Hugo Armiñana Santamaria
Bétera C.F. 'A',17,Santiago Fabregat Gregorio
Bétera C.F. 'A',18,Daniel Ram Levi
Bétera C.F. 'A',19,Asier Lopez Olivares
Bétera C.F. 'A',20,Mykhailo Posternak
Bétera C.F. 'A',21,Valentin Lopez Montesinos
Bétera C.F. 'A',22,David Aparisi Martinez
Bétera C.F. 'A',23,Alberto Javier Trenor Cerdan
Bétera C.F. 'A',27,Daniel Bosque Diaz
Bétera C.F. 'A',29,Adrian Cervera Balaguer
C.D. Acero 'A',1,Abel Martinez Vaquero
C.D. Acero 'A',2,Ibrahim Zahidi Harfouch
C.D. Acero 'A',3,Ianis Gabriel Pesa
C.D. Acero 'A',5,Llorenç Vicent Forner
C.D. Acero 'A',6,Mario Molina Ballester
C.D. Acero 'A',7,Daniel Grigoriciuc
C.D. Acero 'A',8,Daniel Blazquez Castillo
C.D. Acero 'A',9,Alejandro Bernal Lluch
C.D. Acero 'A',10,Hector Martin Baron
C.D. Acero 'A',12,Lucas Henrique Maior Rodriguez Leite
C.D. Acero 'A',13,Joan Salvador Moreno
C.D. Acero 'A',14,Alejandro De Haro Rodriguez
C.D. Acero 'A',15,Jorge Fores Biosca
C.D. Acero 'A',16,Manel Gonzalez Bonet
C.D. Acero 'A',17,Noah Caballero Parrizas
C.D. Acero 'A',18,Ibrahim Zahidi Harfouch
C.D. Acero 'A',19,Jorge Lopez Vila
C.D. Acero 'A',20,Mario Navarro Perello
C.D. Acero 'A',21,Carlos Bracho Trujillo
C.D. Acero 'A',22,Elias Zamora
C.D. Acero 'A',23,Sebastien Bryan Blanchet
C.D. Acero 'A',25,Joan Bermejo Ferrer
C.D. Acero 'A',29,Oscar Manrique Martinez
C.D. Acero 'A',33,Aaron Madrid Garcia
