jornada,equipo,minuto,tipo,jugador,detalle
1,Alboraya U.D. 'B',23,gol,Miguel Romero Guadarrama,
1,Alboraya U.D. 'B',45,amarilla,Ruben Fos Miralles,
1,Alboraya U.D. 'B',67,amarilla,Pablo Aguilar Año,
1,Alboraya U.D. 'B',90,gol,Jose Ture,
2,Alboraya U.D. 'B',3,gol,Pablo Aguilar Año,
2,Alboraya U.D. 'B',5,gol_contra,C.F. Cracks A,
2,Alboraya U.D. 'B',49,amarilla,Javier Soriano Perez,
2,Alboraya U.D. 'B',58,amarilla,Pablo Aguilar Año,
3,Alboraya U.D. 'B',7,gol_contra,C.F. Torre Levante A,
3,Alboraya U.D. 'B',13,gol,Hugo Tarazona Mateos,
3,Alboraya U.D. 'B',46,gol,Joel Juan Palau,
3,Alboraya U.D. 'B',86,gol_contra,C.F. Torre Levante A,
3,Alboraya U.D. 'B',90,amarilla,Hugo Turegano Perales,
3,Alboraya U.D. 'B',90,amarilla,He Xie,
3,Alboraya U.D. 'B',90,gol,Daniel Perez Rodrigo,
4,Alboraya U.D. 'B',30,gol,Daniel Perez Rodrigo,
4,Alboraya U.D. 'B',34,gol,Miguel Romero Guadarrama,
4,Alboraya U.D. 'B',51,amarilla,Pablo Aguilar Año,
4,Alboraya U.D. 'B',57,gol_contra,Ath. Massamagrell C.F. A,Gol encajado en J4
4,Alboraya U.D. 'B',67,amarilla,David Puebla Alentado,
4,Alboraya U.D. 'B',70,gol_contra,Ath. Massamagrell C.F. A,Gol encajado en J4
4,Alboraya U.D. 'B',86,gol,Jose Ture,
5,Alboraya U.D. 'B',19,roja,Guillem Carrascosa Alemany,Expulsión
5,Alboraya U.D. 'B',43,gol_contra,Primer Toque C.F. A,
5,Alboraya U.D. 'B',45,gol,Joel Juan Palau,
5,Alboraya U.D. 'B',50,gol,Sergio Cepedal Soler,
5,Alboraya U.D. 'B',80,amarilla,Miguel Romero Guadarrama,
1,Ath. Massamagrell C.F. 'A',27,gol,Isaac Barba Silla,
2,Ath. Massamagrell C.F. 'A',2,amarilla,Pablo Ariño Palanca,
2,Ath. Massamagrell C.F. 'A',16,gol_contra,Alejandro Mateo Canovas,Gol encajado ante Manises
2,Ath. Massamagrell C.F. 'A',23,gol_contra,Martin Rodriguez De Guzman,Gol encajado ante Manises
2,Ath. Massamagrell C.F. 'A',74,amarilla,Francisco Garcia Cantero,
2,Ath. Massamagrell C.F. 'A',85,gol,G.P.,Gol en propia rival: Hugo Albiach Serrano
2,Ath. Massamagrell C.F. 'A',89,amarilla,Guillem Uso Alcover,
2,Ath. Massamagrell C.F. 'A',90,gol,Guillem Uso Alcover,
3,Ath. Massamagrell C.F. 'A',15,gol,Daniel Palanca Feito,
3,Ath. Massamagrell C.F. 'A',43,amarilla,Alex Marzal Martinez,
3,Ath. Massamagrell C.F. 'A',48,gol,Quique,
3,Ath. Massamagrell C.F. 'A',67,amarilla,David Barranco Peris,
3,Ath. Massamagrell C.F. 'A',76,amarilla,Pau Marques Jimenez,
3,Ath. Massamagrell C.F. 'A',87,gol,Jaylin Arnold Christie,
4,Ath. Massamagrell C.F. 'A',30,gol_contra,Daniel Perez Rodrigo,Gol encajado ante Alboraya
4,Ath. Massamagrell C.F. 'A',34,amarilla,Pont,
4,Ath. Massamagrell C.F. 'A',34,gol_contra,Miguel Romero Guadarrama,Gol encajado ante Alboraya
4,Ath. Massamagrell C.F. 'A',44,amarilla,Pau Marques Jimenez,
4,Ath. Massamagrell C.F. 'A',57,gol,David Barranco Peris,
4,Ath. Massamagrell C.F. 'A',70,gol,Manuel Tajuidje Perez,
4,Ath. Massamagrell C.F. 'A',75,amarilla,Isaac Barba Silla,
4,Ath. Massamagrell C.F. 'A',86,gol_contra,Jose Ture,Gol encajado ante Alboraya
5,Ath. Massamagrell C.F. 'A',13,amarilla,Pau Marques Jimenez,
5,Ath. Massamagrell C.F. 'A',36,gol_contra,Aaron Madrid Garcia,Gol encajado ante C.D. Acero
5,Ath. Massamagrell C.F. 'A',40,amarilla,Pablo Ariño Palanca,
5,Ath. Massamagrell C.F. 'A',52,gol,Albert Carceller Barbera,
5,Ath. Massamagrell C.F. 'A',63,gol,Pablo Ariño Palanca,
5,Ath. Massamagrell C.F. 'A',70,amarilla,Ignacio Parreño Mir,
5,Ath. Massamagrell C.F. 'A',74,amarilla,Adrian Sanfelix Rojo,
5,Ath. Massamagrell C.F. 'A',87,amarilla,David Barranco Peris,
5,Ath. Massamagrell C.F. 'A',90,amarilla,Pont,
5,Ath. Massamagrell C.F. 'A',90,amarilla,Manuel Tajuidje Perez,
1,Bétera C.F. 'A',34,amarilla,Hugo Armiñana Santamaria,
1,Bétera C.F. 'A',45,amarilla,Alberto Guil Sierra,
1,Bétera C.F. 'A',53,gol_contra,Col. Salgui E.D.E. 'A',Gol encajado en J1
1,Bétera C.F. 'A',78,gol,David Aparisi Martinez,
1,Bétera C.F. 'A',80,roja,Hugo Armiñana Santamaria,Doble amarilla / segunda amarilla
2,Bétera C.F. 'A',29,amarilla,Santiago Fabregat Gregorio,
2,Bétera C.F. 'A',44,amarilla,Alberto Guil Sierra,
2,Bétera C.F. 'A',62,gol_contra,Primer Toque C.F. 'A',Gol encajado en J2
2,Bétera C.F. 'A',87,gol_contra,Primer Toque C.F. 'A',Gol encajado en J2
3,Bétera C.F. 'A',8,gol,Autogol rival,Gol en propia puerta del rival; completa el 2-2 de J3
3,Bétera C.F. 'A',43,gol_contra,Villarreal C.F. 'C',Gol encajado en J3
3,Bétera C.F. 'A',60,gol_contra,Villarreal C.F. 'C',Gol encajado en J3
3,Bétera C.F. 'A',75,amarilla,Alberto Javier Trenor Cerdan,
3,Bétera C.F. 'A',88,gol,Iker Argandoña Roch,
4,Bétera C.F. 'A',23,amarilla,David Aparisi Martinez,
4,Bétera C.F. 'A',86,gol,Iker Argandoña Roch,
1,C.D. Acero 'A',16,gol_contra,G.P.,Gol en propia del C.D. Acero; no se atribuye a goleador rival
1,C.D. Acero 'A',21,gol_contra,Patacona C.F. 'B',
1,C.D. Acero 'A',26,roja,Aaron Madrid Garcia,Roja directa
1,C.D. Acero 'A',29,amarilla,Mario Navarro Perello,
1,C.D. Acero 'A',83,gol_contra,Patacona C.F. 'B',
1,C.D. Acero 'A',90,gol,Ibrahim Zahidi Harfouch,
2,C.D. Acero 'A',22,gol,Daniel Blazquez Castillo,
2,C.D. Acero 'A',24,gol_contra,C.F. Inter San José Valencia 'B',
2,C.D. Acero 'A',36,amarilla,Jorge Fores Biosca,
2,C.D. Acero 'A',44,gol_contra,C.F. Inter San José Valencia 'B',
2,C.D. Acero 'A',47,amarilla,Mario Molina Ballester,
2,C.D. Acero 'A',64,amarilla,Daniel Blazquez Castillo,
2,C.D. Acero 'A',64,amarilla,Joan Salvador Moreno,
2,C.D. Acero 'A',74,gol_contra,C.F. Inter San José Valencia 'B',
2,C.D. Acero 'A',83,gol_contra,C.F. Inter San José Valencia 'B',
3,C.D. Acero 'A',11,gol,Daniel Blazquez Castillo,
3,C.D. Acero 'A',35,gol_contra,C.F. Cracks 'A',
3,C.D. Acero 'A',52,amarilla,Daniel Blazquez Castillo,
3,C.D. Acero 'A',54,amarilla,Elias Zamora,
3,C.D. Acero 'A',65,amarilla,Carlos Bracho Trujillo,
3,C.D. Acero 'A',81,gol,Alejandro Bernal Lluch,
3,C.D. Acero 'A',83,gol_contra,C.F. Cracks 'A',
3,C.D. Acero 'A',89,amarilla,Jorge Lopez Vila,
3,C.D. Acero 'A',90,gol,Jorge Lopez Vila,
4,C.D. Acero 'A',11,gol_contra,G.P.,Gol en propia del C.D. Acero; no se atribuye a goleador rival
4,C.D. Acero 'A',17,gol_contra,C.F. Torre Levante 'A',
4,C.D. Acero 'A',22,gol,Hector Martin Baron,
4,C.D. Acero 'A',34,gol_contra,C.F. Torre Levante 'A',
4,C.D. Acero 'A',36,gol,Jorge Lopez Vila,
4,C.D. Acero 'A',47,gol_contra,C.F. Torre Levante 'A',
4,C.D. Acero 'A',70,amarilla,Mario Navarro Perello,
4,C.D. Acero 'A',82,amarilla,Jorge Fores Biosca,
4,C.D. Acero 'A',85,amarilla,Hector Martin Baron,
4,C.D. Acero 'A',89,amarilla,Carlos Bracho Trujillo,
4,C.D. Acero 'A',90,amarilla,Mario Molina Ballester,
4,C.D. Acero 'A',90,gol,Ibrahim Zahidi Harfouch,
4,C.D. Acero 'A',90,gol_contra,C.F. Torre Levante 'A',
1,C.F. At. Burriana - Salesianos 'A',29,gol_contra,Paterna C.F. 'A',Gol encajado
1,C.F. At. Burriana - Salesianos 'A',43,amarilla,Jorge Agustina Llopis,
1,C.F. At. Burriana - Salesianos 'A',45,gol_contra,Paterna C.F. 'A',Gol encajado
1,C.F. At. Burriana - Salesianos 'A',67,amarilla,Marcos Espada Sanchez,
1,C.F. At. Burriana - Salesianos 'A',67,amarilla,Eduardo Aurelian Ciutacu,
1,C.F. At. Burriana - Salesianos 'A',71,gol_contra,Paterna C.F. 'A',Gol encajado
2,C.F. At. Burriana - Salesianos 'A',53,gol,Marcos Espada Sanchez,
2,C.F. At. Burriana - Salesianos 'A',61,gol_contra,Patacona C.F. 'B',Gol encajado
2,C.F. At. Burriana - Salesianos 'A',66,gol,David Rubert Morano,
2,C.F. At. Burriana - Salesianos 'A',81,gol,David Rubert Morano,
3,C.F. At. Burriana - Salesianos 'A',13,gol,Matias Erros Budassi Sellart,
3,C.F. At. Burriana - Salesianos 'A',17,gol_contra,C.F. Inter San José Valencia 'B',Gol encajado
3,C.F. At. Burriana - Salesianos 'A',39,gol,Matteo Morra Climent,
3,C.F. At. Burriana - Salesianos 'A',45,gol_contra,C.F. Inter San José Valencia 'B',Gol encajado
3,C.F. At. Burriana - Salesianos 'A',54,gol_contra,C.F. Inter San José Valencia 'B',Gol encajado
3,C.F. At. Burriana - Salesianos 'A',60,gol_contra,C.F. Inter San José Valencia 'B',Gol encajado
3,C.F. At. Burriana - Salesianos 'A',72,amarilla,Eduardo Aurelian Ciutacu,
3,C.F. At. Burriana - Salesianos 'A',74,amarilla,Jorge Agustina Llopis,
3,C.F. At. Burriana - Salesianos 'A',80,amarilla,David Rubert Morano,
3,C.F. At. Burriana - Salesianos 'A',90,gol,David Rubert Morano,
4,C.F. At. Burriana - Salesianos 'A',15,gol,Matias Erros Budassi Sellart,
4,C.F. At. Burriana - Salesianos 'A',69,gol,David Rubert Morano,
5,C.F. At. Burriana - Salesianos 'A',60,amarilla,Marcelo Albert Guinot,
1,C.F. Històrics de València 'A',9,gol_contra,Villarreal C.F. 'C',Gol encajado
1,C.F. Històrics de València 'A',35,amarilla,JAVIER GIMENEZ LLIBRER,
1,C.F. Històrics de València 'A',50,gol_contra,Villarreal C.F. 'C',Gol encajado
1,C.F. Històrics de València 'A',77,gol,LEV TIBEIKIN,
1,C.F. Històrics de València 'A',83,penalti_contra_gol,Villarreal C.F. 'C',Gol encajado de penalti
1,C.F. Històrics de València 'A',90,gol_contra,Villarreal C.F. 'C',Gol encajado
2,C.F. Històrics de València 'A',4,gol_contra,Paterna C.F. 'A',Gol encajado
2,C.F. Històrics de València 'A',11,gol_contra,G.P.,Gol en propia: Alberto Saura García
2,C.F. Històrics de València 'A',45,gol,EZEKIEL CHIGOZIE EDWIN FESTUS,
2,C.F. Històrics de València 'A',57,amarilla,MARC REQUENI SERER,
2,C.F. Històrics de València 'A',66,gol,AITOR FERNANDEZ ARAGONES,
2,C.F. Històrics de València 'A',67,gol,AITOR FERNANDEZ ARAGONES,
2,C.F. Històrics de València 'A',68,amarilla,JEAN CARLOS FRAGA MENDOZA,
2,C.F. Històrics de València 'A',83,amarilla,LEV TIBEIKIN,
3,C.F. Històrics de València 'A',86,gol,EZEKIEL CHIGOZIE EDWIN FESTUS,
4,C.F. Històrics de València 'A',43,gol,RAMOS MARC DE FEZ,
4,C.F. Històrics de València 'A',63,amarilla,LEV TIBEIKIN,
4,C.F. Històrics de València 'A',71,gol,LEV TIBEIKIN,
5,C.F. Històrics de València 'A',6,gol,ALEJANDRO CALVO CALIPIENSO,
5,C.F. Històrics de València 'A',32,gol,LEV TIBEIKIN,
5,C.F. Històrics de València 'A',38,gol,LEV TIBEIKIN,
5,C.F. Històrics de València 'A',40,amarilla,RAFAEL EDUARDO CAÑAR MONTAÑO,
5,C.F. Històrics de València 'A',54,amarilla,DANIEL NIETO VALERO,
5,C.F. Històrics de València 'A',65,amarilla,JEAN CARLOS FRAGA MENDOZA,
5,C.F. Històrics de València 'A',83,gol,G.P.,Gol en propia rival
1,C.F. Torre Levante 'A',5,amarilla,Víctor Montijano Gadea,
1,C.F. Torre Levante 'A',12,amarilla,Nicolas Cardoso Castaño,
1,C.F. Torre Levante 'A',45,gol_contra,Hugo Albiach Serrano,Gol encajado ante Manises
1,C.F. Torre Levante 'A',73,amarilla,Adrian Cervero Varela,
1,C.F. Torre Levante 'A',78,amarilla,Yasser Benllatreche,
2,C.F. Torre Levante 'A',2,gol,Antonio Jimenez Notario,
2,C.F. Torre Levante 'A',44,gol,Nicolas Cardoso Castaño,
2,C.F. Torre Levante 'A',57,amarilla,Marvin Santiago Caicedo Obregon,
2,C.F. Torre Levante 'A',73,amarilla,Ruben Fortea Martinez,
2,C.F. Torre Levante 'A',87,amarilla,Neizan Mené Contreras,
3,C.F. Torre Levante 'A',7,gol,Antonio Jimenez Notario,
3,C.F. Torre Levante 'A',13,gol_contra,Hugo Tarazona Mateos,Gol encajado ante Alboraya
3,C.F. Torre Levante 'A',46,gol_contra,Joel Juan Palau,Gol encajado ante Alboraya
3,C.F. Torre Levante 'A',76,roja,Víctor Montijano Gadea,Roja directa
3,C.F. Torre Levante 'A',86,gol,Mario Blesa Peiró,
3,C.F. Torre Levante 'A',89,amarilla,Alberto Villalba Uceda,
3,C.F. Torre Levante 'A',90,amarilla,Nicolas Cardoso Castaño,
3,C.F. Torre Levante 'A',90,gol_contra,Daniel Perez Rodrigo,Gol encajado ante Alboraya
4,C.F. Torre Levante 'A',2,amarilla,Alberto Villalba Uceda,
4,C.F. Torre Levante 'A',11,gol,G.P.,Gol en propia del C.D. Acero
4,C.F. Torre Levante 'A',17,gol,Neizan Mené Contreras,
4,C.F. Torre Levante 'A',22,gol_contra,Hector Martin Baron,Gol encajado ante C.D. Acero
4,C.F. Torre Levante 'A',28,amarilla,Yasser Benllatreche,
4,C.F. Torre Levante 'A',34,gol,Neizan Mené Contreras,
4,C.F. Torre Levante 'A',36,gol_contra,Jorge Lopez Vila,Gol encajado ante C.D. Acero
4,C.F. Torre Levante 'A',47,gol,Neizan Mené Contreras,
4,C.F. Torre Levante 'A',56,amarilla,Andreu Gallardo Salavert,
4,C.F. Torre Levante 'A',61,roja,Marvin Santiago Caicedo Obregon,Roja directa
4,C.F. Torre Levante 'A',75,amarilla,Fabian Alejandro Camacho Guerra,
4,C.F. Torre Levante 'A',78,amarilla,Ruben Fortea Martinez,
4,C.F. Torre Levante 'A',88,amarilla,Mansur Lucha-A Belda,
4,C.F. Torre Levante 'A',90,gol,Fabian Alejandro Camacho Guerra,
4,C.F. Torre Levante 'A',90,gol_contra,Ibrahim Zahidi Harfouch,Gol encajado ante C.D. Acero
5,C.F. Torre Levante 'A',29,amarilla,Neizan Mené Contreras,
5,C.F. Torre Levante 'A',37,amarilla,Antonio Jimenez Notario,
5,C.F. Torre Levante 'A',74,amarilla,Yasser Benllatreche,
5,C.F. Torre Levante 'A',79,amarilla,Andreu Gallardo Salavert,
1,Primer Toque C.F. 'A',27,gol_contra,Ath. Massamagrell C.F. 'A',Gol encajado
2,Primer Toque C.F. 'A',49,amarilla,Toni,
2,Primer Toque C.F. 'A',62,gol,Sebas,
2,Primer Toque C.F. 'A',72,amarilla,Irakli,
2,Primer Toque C.F. 'A',87,gol,Núñez,
3,Primer Toque C.F. 'A',11,gol,Sebas,
3,Primer Toque C.F. 'A',19,gol_contra,Manises C.F. 'A',Gol encajado
3,Primer Toque C.F. 'A',20,amarilla,Ian,
3,Primer Toque C.F. 'A',42,gol,Núñez,
3,Primer Toque C.F. 'A',45,amarilla,Núñez,
3,Primer Toque C.F. 'A',48,amarilla,Irakli,
3,Primer Toque C.F. 'A',56,roja,Toni,Roja directa
3,Primer Toque C.F. 'A',82,amarilla,Bilal,
3,Primer Toque C.F. 'A',86,doble_amarilla,Bilal,segunda amarilla / expulsión
4,Primer Toque C.F. 'A',69,gol_contra,C.D.F. Canet 'A',Gol encajado
4,Primer Toque C.F. 'A',77,amarilla,Blázquez,
4,Primer Toque C.F. 'A',83,doble_amarilla,Blázquez,Segunda amarilla / expulsión
5,Primer Toque C.F. 'A',37,amarilla,Irakli,
5,Primer Toque C.F. 'A',43,gol,Núñez,
5,Primer Toque C.F. 'A',45,gol_contra,Alboraya U.D. 'B',Gol encajado
5,Primer Toque C.F. 'A',50,gol_contra,Alboraya U.D. 'B',Gol encajado
5,Primer Toque C.F. 'A',79,amarilla,Alessio,
1,Villarreal C.F. 'C',9,gol,Franklin Chinedu Okolie Okolie,
1,Villarreal C.F. 'C',50,gol,Franklin Chinedu Okolie Okolie,
1,Villarreal C.F. 'C',77,gol_contra,Rival,
1,Villarreal C.F. 'C',83,penalti_gol,Adrian Diaz Fuentes,Gol de penalti
1,Villarreal C.F. 'C',90,gol,Salim Khassanov,
2,Villarreal C.F. 'C',9,amarilla,Adrian Diaz Fuentes,
2,Villarreal C.F. 'C',10,doble_amarilla,Adrian Diaz Fuentes,segunda amarilla / expulsión
2,Villarreal C.F. 'C',57,gol,Gabriel Duarte Santacruz,
3,Villarreal C.F. 'C',8,gol_contra,G.P. Héctor García Vaca,Gol en propia
3,Villarreal C.F. 'C',43,gol,Nahuel Abadia Garcia,
3,Villarreal C.F. 'C',60,gol,Gabriel Duarte Santacruz,
3,Villarreal C.F. 'C',68,amarilla,Gabriel Duarte Santacruz,
3,Villarreal C.F. 'C',78,gol_contra,Rival,
4,Villarreal C.F. 'C',12,amarilla,Hector Garcia Vaca,
4,Villarreal C.F. 'C',13,gol_contra,Rival,
4,Villarreal C.F. 'C',21,gol,Gabriel Duarte Santacruz,
4,Villarreal C.F. 'C',30,gol,Franklin Chinedu Okolie Okolie,
4,Villarreal C.F. 'C',46,gol,Gabriel Duarte Santacruz,
4,Villarreal C.F. 'C',48,gol,Gabriel Duarte Santacruz,
4,Villarreal C.F. 'C',62,gol,Yago Lapuente Martin,
4,Villarreal C.F. 'C',67,gol_contra,Rival,
4,Villarreal C.F. 'C',87,amarilla,Raul Estephano Varzaru Varzaru,
5,Villarreal C.F. 'C',12,amarilla,Pablo Tortajada Balaguer,
5,Villarreal C.F. 'C',44,amarilla,Ian Mendez Untiveros,
5,Villarreal C.F. 'C',64,gol,Pablo Tortajada Balaguer,
5,Villarreal C.F. 'C',71,gol,Victor Maestra Rodriguez,
5,Villarreal C.F. 'C',89,gol,Adrian Diaz Fuentes,
