id,fecha,hora_inicio,hora_fin,tipo,titulo,lugar,descripcion,equipo,estado
TR-20260803-L,2026-08-03,17:00,19:30,Entrenamiento,Entrenamiento Juvenil A,UJI,Sesión semanal de entrenamiento,Juvenil A,Activo
TR-20260805-X,2026-08-05,17:00,19:00,Entrenamiento,Entrenamiento Juvenil A,Chencho A2,Sesión semanal de entrenamiento,Juvenil A,Activo
TR-20260807-V,2026-08-07,17:00,19:00,Entrenamiento,Entrenamiento Juvenil A,Chencho A2,Sesión semanal de entrenamiento,Juvenil A,Activo
TR-20260810-L,2026-08-10,17:00,19:30,Entrenamiento,Entrenamiento Juvenil A,UJI,Sesión semanal de entrenamiento,Juvenil A,Activo
TR-20260812-X,2026-08-12,17:00,19:00,Entrenamiento,Entrenamiento Juvenil A,Chencho A2,Sesión semanal de entrenamiento,Juvenil A,Activo
TR-20260814-V,2026-08-14,17:00,19:00,Entrenamiento,Entrenamiento Juvenil A,Chencho A2,Sesión semanal de entrenamiento,Juvenil A,Activo
TR-20260817-L,2026-08-17,17:00,19:30,Entrenamiento,Entrenamiento Juvenil A,UJI,Sesión semanal de entrenamiento,Juvenil A,Activo
TR-20260819-X,2026-08-19,17:00,19:00,Entrenamiento,Entrenamiento Juvenil A,Chencho A2,Sesión semanal de entrenamiento,Juvenil A,Activo
TR-20260821-V,2026-08-21,17:00,19:00,Entrenamiento,Entrenamiento Juvenil A,Chencho A2,Sesión semanal de entrenamiento,Juvenil A,Activo
TR-20260824-L,2026-08-24,17:00,19:30,Entrenamiento,Entrenamiento Juvenil A,UJI,Sesión semanal de entrenamiento,Juvenil A,Activo
TR-20260826-X,2026-08-26,17:00,19:00,Entrenamiento,Entrenamiento Juvenil A,Chencho A2,Sesión semanal de entrenamiento,Juvenil A,Activo
TR-20260828-V,2026-08-28,17:00,19:00,Entrenamiento,Entrenamiento Juvenil A,Chencho A2,Sesión semanal de entrenamiento,Juvenil A,Activo
TR-20260831-L,2026-08-31,17:00,19:30,Entrenamiento,Entrenamiento Juvenil A,UJI,Sesión semanal de entrenamiento,Juvenil A,Activo
TR-20260902-X,2026-09-02,17:00,19:00,Entrenamiento,Entrenamiento Juvenil A,Chencho A2,Sesión semanal de entrenamiento,Juvenil A,Activo
TR-20260904-V,2026-09-04,17:00,19:00,Entrenamiento,Entrenamiento Juvenil A,Chencho A2,Sesión semanal de entrenamiento,Juvenil A,Activo
TR-20260907-L,2026-09-07,17:00,19:30,Entrenamiento,Entrenamiento Juvenil A,UJI,Sesión semanal de entrenamiento,Juvenil A,Activo
TR-20260909-X,2026-09-09,17:00,19:00,Entrenamiento,Entrenamiento Juvenil A,Chencho A2,Sesión semanal de entrenamiento,Juvenil A,Activo
TR-20260911-V,2026-09-11,17:00,19:00,Entrenamiento,Entrenamiento Juvenil A,Chencho A2,Sesión semanal de entrenamiento,Juvenil A,Activo
TR-20260914-L,2026-09-14,17:00,19:30,Entrenamiento,Entrenamiento Juvenil A,UJI,Sesión semanal de entrenamiento,Juvenil A,Activo
TR-20260916-X,2026-09-16,17:00,19:00,Entrenamiento,Entrenamiento Juvenil A,Chencho A2,Sesión semanal de entrenamiento,Juvenil A,Activo
TR-20260918-V,2026-09-18,17:00,19:00,Entrenamiento,Entrenamiento Juvenil A,Chencho A2,Sesión semanal de entrenamiento,Juvenil A,Activo
TR-20260921-L,2026-09-21,17:00,19:30,Entrenamiento,Entrenamiento Juvenil A,UJI,Sesión semanal de entrenamiento,Juvenil A,Activo
TR-20260923-X,2026-09-23,17:00,19:00,Entrenamiento,Entrenamiento Juvenil A,Chencho A2,Sesión semanal de entrenamiento,Juvenil A,Activo
TR-20260925-V,2026-09-25,17:00,19:00,Entrenamiento,Entrenamiento Juvenil A,Chencho A2,Sesión semanal de entrenamiento,Juvenil A,Activo
TR-20260928-L,2026-09-28,17:00,19:30,Entrenamiento,Entrenamiento Juvenil A,UJI,Sesión semanal de entrenamiento,Juvenil A,Activo
TR-20260930-X,2026-09-30,17:00,19:00,Entrenamiento,Entrenamiento Juvenil A,Chencho A2,Sesión semanal de entrenamiento,Juvenil A,Activo
TR-20261002-V,2026-10-02,17:00,19:00,Entrenamiento,Entrenamiento Juvenil A,Chencho A2,Sesión semanal de entrenamiento,Juvenil A,Activo
TR-20261005-L,2026-10-05,17:00,19:30,Entrenamiento,Entrenamiento Juvenil A,UJI,Sesión semanal de entrenamiento,Juvenil A,Activo
TR-20261007-X,2026-10-07,17:00,19:00,Entrenamiento,Entrenamiento Juvenil A,Chencho A2,Sesión semanal de entrenamiento,Juvenil A,Activo
TR-20261009-V,2026-10-09,17:00,19:00,Entrenamiento,Entrenamiento Juvenil A,Chencho A2,Sesión semanal de entrenamiento,Juvenil A,Activo
TR-20261012-L,2026-10-12,17:00,19:30,Entrenamiento,Entrenamiento Juvenil A,UJI,Sesión semanal de entrenamiento,Juvenil A,Activo
TR-20261014-X,2026-10-14,17:00,19:00,Entrenamiento,Entrenamiento Juvenil A,Chencho A2,Sesión semanal de entrenamiento,Juvenil A,Activo
TR-20261016-V,2026-10-16,17:00,19:00,Entrenamiento,Entrenamiento Juvenil A,Chencho A2,Sesión semanal de entrenamiento,Juvenil A,Activo
TR-20261019-L,2026-10-19,17:00,19:30,Entrenamiento,Entrenamiento Juvenil A,UJI,Sesión semanal de entrenamiento,Juvenil A,Activo
TR-20261021-X,2026-10-21,17:00,19:00,Entrenamiento,Entrenamiento Juvenil A,Chencho A2,Sesión semanal de entrenamiento,Juvenil A,Activo
TR-20261023-V,2026-10-23,17:00,19:00,Entrenamiento,Entrenamiento Juvenil A,Chencho A2,Sesión semanal de entrenamiento,Juvenil A,Activo
TR-20261026-L,2026-10-26,17:00,19:30,Entrenamiento,Entrenamiento Juvenil A,UJI,Sesión semanal de entrenamiento,Juvenil A,Activo
TR-20261028-X,2026-10-28,17:00,19:00,Entrenamiento,Entrenamiento Juvenil A,Chencho A2,Sesión semanal de entrenamiento,Juvenil A,Activo
TR-20261030-V,2026-10-30,17:00,19:00,Entrenamiento,Entrenamiento Juvenil A,Chencho A2,Sesión semanal de entrenamiento,Juvenil A,Activo
TR-20261102-L,2026-11-02,17:00,19:30,Entrenamiento,Entrenamiento Juvenil A,UJI,Sesión semanal de entrenamiento,Juvenil A,Activo
TR-20261104-X,2026-11-04,17:00,19:00,Entrenamiento,Entrenamiento Juvenil A,Chencho A2,Sesión semanal de entrenamiento,Juvenil A,Activo
TR-20261106-V,2026-11-06,17:00,19:00,Entrenamiento,Entrenamiento Juvenil A,Chencho A2,Sesión semanal de entrenamiento,Juvenil A,Activo
TR-20261109-L,2026-11-09,17:00,19:30,Entrenamiento,Entrenamiento Juvenil A,UJI,Sesión semanal de entrenamiento,Juvenil A,Activo
TR-20261111-X,2026-11-11,17:00,19:00,Entrenamiento,Entrenamiento Juvenil A,Chencho A2,Sesión semanal de entrenamiento,Juvenil A,Activo
TR-20261113-V,2026-11-13,17:00,19:00,Entrenamiento,Entrenamiento Juvenil A,Chencho A2,Sesión semanal de entrenamiento,Juvenil A,Activo
TR-20261116-L,2026-11-16,17:00,19:30,Entrenamiento,Entrenamiento Juvenil A,UJI,Sesión semanal de entrenamiento,Juvenil A,Activo
TR-20261118-X,2026-11-18,17:00,19:00,Entrenamiento,Entrenamiento Juvenil A,Chencho A2,Sesión semanal de entrenamiento,Juvenil A,Activo
TR-20261120-V,2026-11-20,17:00,19:00,Entrenamiento,Entrenamiento Juvenil A,Chencho A2,Sesión semanal de entrenamiento,Juvenil A,Activo
TR-20261123-L,2026-11-23,17:00,19:30,Entrenamiento,Entrenamiento Juvenil A,UJI,Sesión semanal de entrenamiento,Juvenil A,Activo
TR-20261125-X,2026-11-25,17:00,19:00,Entrenamiento,Entrenamiento Juvenil A,Chencho A2,Sesión semanal de entrenamiento,Juvenil A,Activo
TR-20261127-V,2026-11-27,17:00,19:00,Entrenamiento,Entrenamiento Juvenil A,Chencho A2,Sesión semanal de entrenamiento,Juvenil A,Activo
TR-20261130-L,2026-11-30,17:00,19:30,Entrenamiento,Entrenamiento Juvenil A,UJI,Sesión semanal de entrenamiento,Juvenil A,Activo
TR-20261202-X,2026-12-02,17:00,19:00,Entrenamiento,Entrenamiento Juvenil A,Chencho A2,Sesión semanal de entrenamiento,Juvenil A,Activo
TR-20261204-V,2026-12-04,17:00,19:00,Entrenamiento,Entrenamiento Juvenil A,Chencho A2,Sesión semanal de entrenamiento,Juvenil A,Activo
TR-20261207-L,2026-12-07,17:00,19:30,Entrenamiento,Entrenamiento Juvenil A,UJI,Sesión semanal de entrenamiento,Juvenil A,Activo
TR-20261209-X,2026-12-09,17:00,19:00,Entrenamiento,Entrenamiento Juvenil A,Chencho A2,Sesión semanal de entrenamiento,Juvenil A,Activo
TR-20261211-V,2026-12-11,17:00,19:00,Entrenamiento,Entrenamiento Juvenil A,Chencho A2,Sesión semanal de entrenamiento,Juvenil A,Activo
TR-20261214-L,2026-12-14,17:00,19:30,Entrenamiento,Entrenamiento Juvenil A,UJI,Sesión semanal de entrenamiento,Juvenil A,Activo
TR-20261216-X,2026-12-16,17:00,19:00,Entrenamiento,Entrenamiento Juvenil A,Chencho A2,Sesión semanal de entrenamiento,Juvenil A,Activo
TR-20261218-V,2026-12-18,17:00,19:00,Entrenamiento,Entrenamiento Juvenil A,Chencho A2,Sesión semanal de entrenamiento,Juvenil A,Activo
TR-20261221-L,2026-12-21,17:00,19:30,Entrenamiento,Entrenamiento Juvenil A,UJI,Sesión semanal de entrenamiento,Juvenil A,Activo
TR-20261223-X,2026-12-23,17:00,19:00,Entrenamiento,Entrenamiento Juvenil A,Chencho A2,Sesión semanal de entrenamiento,Juvenil A,Activo
TR-20261225-V,2026-12-25,17:00,19:00,Entrenamiento,Entrenamiento Juvenil A,Chencho A2,Sesión semanal de entrenamiento,Juvenil A,Activo
TR-20261228-L,2026-12-28,17:00,19:30,Entrenamiento,Entrenamiento Juvenil A,UJI,Sesión semanal de entrenamiento,Juvenil A,Activo
TR-20261230-X,2026-12-30,17:00,19:00,Entrenamiento,Entrenamiento Juvenil A,Chencho A2,Sesión semanal de entrenamiento,Juvenil A,Activo
TR-20270101-V,2027-01-01,17:00,19:00,Entrenamiento,Entrenamiento Juvenil A,Chencho A2,Sesión semanal de entrenamiento,Juvenil A,Activo
TR-20270104-L,2027-01-04,17:00,19:30,Entrenamiento,Entrenamiento Juvenil A,UJI,Sesión semanal de entrenamiento,Juvenil A,Activo
TR-20270106-X,2027-01-06,17:00,19:00,Entrenamiento,Entrenamiento Juvenil A,Chencho A2,Sesión semanal de entrenamiento,Juvenil A,Activo
TR-20270108-V,2027-01-08,17:00,19:00,Entrenamiento,Entrenamiento Juvenil A,Chencho A2,Sesión semanal de entrenamiento,Juvenil A,Activo
TR-20270111-L,2027-01-11,17:00,19:30,Entrenamiento,Entrenamiento Juvenil A,UJI,Sesión semanal de entrenamiento,Juvenil A,Activo
TR-20270113-X,2027-01-13,17:00,19:00,Entrenamiento,Entrenamiento Juvenil A,Chencho A2,Sesión semanal de entrenamiento,Juvenil A,Activo
TR-20270115-V,2027-01-15,17:00,19:00,Entrenamiento,Entrenamiento Juvenil A,Chencho A2,Sesión semanal de entrenamiento,Juvenil A,Activo
TR-20270118-L,2027-01-18,17:00,19:30,Entrenamiento,Entrenamiento Juvenil A,UJI,Sesión semanal de entrenamiento,Juvenil A,Activo
TR-20270120-X,2027-01-20,17:00,19:00,Entrenamiento,Entrenamiento Juvenil A,Chencho A2,Sesión semanal de entrenamiento,Juvenil A,Activo
TR-20270122-V,2027-01-22,17:00,19:00,Entrenamiento,Entrenamiento Juvenil A,Chencho A2,Sesión semanal de entrenamiento,Juvenil A,Activo
TR-20270125-L,2027-01-25,17:00,19:30,Entrenamiento,Entrenamiento Juvenil A,UJI,Sesión semanal de entrenamiento,Juvenil A,Activo
TR-20270127-X,2027-01-27,17:00,19:00,Entrenamiento,Entrenamiento Juvenil A,Chencho A2,Sesión semanal de entrenamiento,Juvenil A,Activo
TR-20270129-V,2027-01-29,17:00,19:00,Entrenamiento,Entrenamiento Juvenil A,Chencho A2,Sesión semanal de entrenamiento,Juvenil A,Activo
TR-20270201-L,2027-02-01,17:00,19:30,Entrenamiento,Entrenamiento Juvenil A,UJI,Sesión semanal de entrenamiento,Juvenil A,Activo
TR-20270203-X,2027-02-03,17:00,19:00,Entrenamiento,Entrenamiento Juvenil A,Chencho A2,Sesión semanal de entrenamiento,Juvenil A,Activo
TR-20270205-V,2027-02-05,17:00,19:00,Entrenamiento,Entrenamiento Juvenil A,Chencho A2,Sesión semanal de entrenamiento,Juvenil A,Activo
TR-20270208-L,2027-02-08,17:00,19:30,Entrenamiento,Entrenamiento Juvenil A,UJI,Sesión semanal de entrenamiento,Juvenil A,Activo
TR-20270210-X,2027-02-10,17:00,19:00,Entrenamiento,Entrenamiento Juvenil A,Chencho A2,Sesión semanal de entrenamiento,Juvenil A,Activo
TR-20270212-V,2027-02-12,17:00,19:00,Entrenamiento,Entrenamiento Juvenil A,Chencho A2,Sesión semanal de entrenamiento,Juvenil A,Activo
TR-20270215-L,2027-02-15,17:00,19:30,Entrenamiento,Entrenamiento Juvenil A,UJI,Sesión semanal de entrenamiento,Juvenil A,Activo
TR-20270217-X,2027-02-17,17:00,19:00,Entrenamiento,Entrenamiento Juvenil A,Chencho A2,Sesión semanal de entrenamiento,Juvenil A,Activo
TR-20270219-V,2027-02-19,17:00,19:00,Entrenamiento,Entrenamiento Juvenil A,Chencho A2,Sesión semanal de entrenamiento,Juvenil A,Activo
TR-20270222-L,2027-02-22,17:00,19:30,Entrenamiento,Entrenamiento Juvenil A,UJI,Sesión semanal de entrenamiento,Juvenil A,Activo
TR-20270224-X,2027-02-24,17:00,19:00,Entrenamiento,Entrenamiento Juvenil A,Chencho A2,Sesión semanal de entrenamiento,Juvenil A,Activo
TR-20270226-V,2027-02-26,17:00,19:00,Entrenamiento,Entrenamiento Juvenil A,Chencho A2,Sesión semanal de entrenamiento,Juvenil A,Activo
TR-20270301-L,2027-03-01,17:00,19:30,Entrenamiento,Entrenamiento Juvenil A,UJI,Sesión semanal de entrenamiento,Juvenil A,Activo
TR-20270303-X,2027-03-03,17:00,19:00,Entrenamiento,Entrenamiento Juvenil A,Chencho A2,Sesión semanal de entrenamiento,Juvenil A,Activo
TR-20270305-V,2027-03-05,17:00,19:00,Entrenamiento,Entrenamiento Juvenil A,Chencho A2,Sesión semanal de entrenamiento,Juvenil A,Activo
TR-20270308-L,2027-03-08,17:00,19:30,Entrenamiento,Entrenamiento Juvenil A,UJI,Sesión semanal de entrenamiento,Juvenil A,Activo
TR-20270310-X,2027-03-10,17:00,19:00,Entrenamiento,Entrenamiento Juvenil A,Chencho A2,Sesión semanal de entrenamiento,Juvenil A,Activo
TR-20270312-V,2027-03-12,17:00,19:00,Entrenamiento,Entrenamiento Juvenil A,Chencho A2,Sesión semanal de entrenamiento,Juvenil A,Activo
TR-20270315-L,2027-03-15,17:00,19:30,Entrenamiento,Entrenamiento Juvenil A,UJI,Sesión semanal de entrenamiento,Juvenil A,Activo
TR-20270317-X,2027-03-17,17:00,19:00,Entrenamiento,Entrenamiento Juvenil A,Chencho A2,Sesión semanal de entrenamiento,Juvenil A,Activo
TR-20270319-V,2027-03-19,17:00,19:00,Entrenamiento,Entrenamiento Juvenil A,Chencho A2,Sesión semanal de entrenamiento,Juvenil A,Activo
TR-20270322-L,2027-03-22,17:00,19:30,Entrenamiento,Entrenamiento Juvenil A,UJI,Sesión semanal de entrenamiento,Juvenil A,Activo
TR-20270324-X,2027-03-24,17:00,19:00,Entrenamiento,Entrenamiento Juvenil A,Chencho A2,Sesión semanal de entrenamiento,Juvenil A,Activo
TR-20270326-V,2027-03-26,17:00,19:00,Entrenamiento,Entrenamiento Juvenil A,Chencho A2,Sesión semanal de entrenamiento,Juvenil A,Activo
TR-20270329-L,2027-03-29,17:00,19:30,Entrenamiento,Entrenamiento Juvenil A,UJI,Sesión semanal de entrenamiento,Juvenil A,Activo
TR-20270331-X,2027-03-31,17:00,19:00,Entrenamiento,Entrenamiento Juvenil A,Chencho A2,Sesión semanal de entrenamiento,Juvenil A,Activo
TR-20270402-V,2027-04-02,17:00,19:00,Entrenamiento,Entrenamiento Juvenil A,Chencho A2,Sesión semanal de entrenamiento,Juvenil A,Activo
TR-20270405-L,2027-04-05,17:00,19:30,Entrenamiento,Entrenamiento Juvenil A,UJI,Sesión semanal de entrenamiento,Juvenil A,Activo
TR-20270407-X,2027-04-07,17:00,19:00,Entrenamiento,Entrenamiento Juvenil A,Chencho A2,Sesión semanal de entrenamiento,Juvenil A,Activo
TR-20270409-V,2027-04-09,17:00,19:00,Entrenamiento,Entrenamiento Juvenil A,Chencho A2,Sesión semanal de entrenamiento,Juvenil A,Activo
TR-20270412-L,2027-04-12,17:00,19:30,Entrenamiento,Entrenamiento Juvenil A,UJI,Sesión semanal de entrenamiento,Juvenil A,Activo
TR-20270414-X,2027-04-14,17:00,19:00,Entrenamiento,Entrenamiento Juvenil A,Chencho A2,Sesión semanal de entrenamiento,Juvenil A,Activo
TR-20270416-V,2027-04-16,17:00,19:00,Entrenamiento,Entrenamiento Juvenil A,Chencho A2,Sesión semanal de entrenamiento,Juvenil A,Activo
TR-20270419-L,2027-04-19,17:00,19:30,Entrenamiento,Entrenamiento Juvenil A,UJI,Sesión semanal de entrenamiento,Juvenil A,Activo
TR-20270421-X,2027-04-21,17:00,19:00,Entrenamiento,Entrenamiento Juvenil A,Chencho A2,Sesión semanal de entrenamiento,Juvenil A,Activo
TR-20270423-V,2027-04-23,17:00,19:00,Entrenamiento,Entrenamiento Juvenil A,Chencho A2,Sesión semanal de entrenamiento,Juvenil A,Activo
TR-20270426-L,2027-04-26,17:00,19:30,Entrenamiento,Entrenamiento Juvenil A,UJI,Sesión semanal de entrenamiento,Juvenil A,Activo
TR-20270428-X,2027-04-28,17:00,19:00,Entrenamiento,Entrenamiento Juvenil A,Chencho A2,Sesión semanal de entrenamiento,Juvenil A,Activo
TR-20270430-V,2027-04-30,17:00,19:00,Entrenamiento,Entrenamiento Juvenil A,Chencho A2,Sesión semanal de entrenamiento,Juvenil A,Activo
TR-20270503-L,2027-05-03,17:00,19:30,Entrenamiento,Entrenamiento Juvenil A,UJI,Sesión semanal de entrenamiento,Juvenil A,Activo
TR-20270505-X,2027-05-05,17:00,19:00,Entrenamiento,Entrenamiento Juvenil A,Chencho A2,Sesión semanal de entrenamiento,Juvenil A,Activo
TR-20270507-V,2027-05-07,17:00,19:00,Entrenamiento,Entrenamiento Juvenil A,Chencho A2,Sesión semanal de entrenamiento,Juvenil A,Activo
TR-20270510-L,2027-05-10,17:00,19:30,Entrenamiento,Entrenamiento Juvenil A,UJI,Sesión semanal de entrenamiento,Juvenil A,Activo
TR-20270512-X,2027-05-12,17:00,19:00,Entrenamiento,Entrenamiento Juvenil A,Chencho A2,Sesión semanal de entrenamiento,Juvenil A,Activo
TR-20270514-V,2027-05-14,17:00,19:00,Entrenamiento,Entrenamiento Juvenil A,Chencho A2,Sesión semanal de entrenamiento,Juvenil A,Activo
TR-20270517-L,2027-05-17,17:00,19:30,Entrenamiento,Entrenamiento Juvenil A,UJI,Sesión semanal de entrenamiento,Juvenil A,Activo
TR-20270519-X,2027-05-19,17:00,19:00,Entrenamiento,Entrenamiento Juvenil A,Chencho A2,Sesión semanal de entrenamiento,Juvenil A,Activo
TR-20270521-V,2027-05-21,17:00,19:00,Entrenamiento,Entrenamiento Juvenil A,Chencho A2,Sesión semanal de entrenamiento,Juvenil A,Activo
TR-20270524-L,2027-05-24,17:00,19:30,Entrenamiento,Entrenamiento Juvenil A,UJI,Sesión semanal de entrenamiento,Juvenil A,Activo
TR-20270526-X,2027-05-26,17:00,19:00,Entrenamiento,Entrenamiento Juvenil A,Chencho A2,Sesión semanal de entrenamiento,Juvenil A,Activo
TR-20270528-V,2027-05-28,17:00,19:00,Entrenamiento,Entrenamiento Juvenil A,Chencho A2,Sesión semanal de entrenamiento,Juvenil A,Activo
TR-20270531-L,2027-05-31,17:00,19:30,Entrenamiento,Entrenamiento Juvenil A,UJI,Sesión semanal de entrenamiento,Juvenil A,Activo
TR-20270602-X,2027-06-02,17:00,19:00,Entrenamiento,Entrenamiento Juvenil A,Chencho A2,Sesión semanal de entrenamiento,Juvenil A,Activo
TR-20270604-V,2027-06-04,17:00,19:00,Entrenamiento,Entrenamiento Juvenil A,Chencho A2,Sesión semanal de entrenamiento,Juvenil A,Activo
TR-20270607-L,2027-06-07,17:00,19:30,Entrenamiento,Entrenamiento Juvenil A,UJI,Sesión semanal de entrenamiento,Juvenil A,Activo
TR-20270609-X,2027-06-09,17:00,19:00,Entrenamiento,Entrenamiento Juvenil A,Chencho A2,Sesión semanal de entrenamiento,Juvenil A,Activo
TR-20270611-V,2027-06-11,17:00,19:00,Entrenamiento,Entrenamiento Juvenil A,Chencho A2,Sesión semanal de entrenamiento,Juvenil A,Activo
TR-20270614-L,2027-06-14,17:00,19:30,Entrenamiento,Entrenamiento Juvenil A,UJI,Sesión semanal de entrenamiento,Juvenil A,Activo
TR-20270616-X,2027-06-16,17:00,19:00,Entrenamiento,Entrenamiento Juvenil A,Chencho A2,Sesión semanal de entrenamiento,Juvenil A,Activo
TR-20270618-V,2027-06-18,17:00,19:00,Entrenamiento,Entrenamiento Juvenil A,Chencho A2,Sesión semanal de entrenamiento,Juvenil A,Activo
TR-20270621-L,2027-06-21,17:00,19:30,Entrenamiento,Entrenamiento Juvenil A,UJI,Sesión semanal de entrenamiento,Juvenil A,Activo
TR-20270623-X,2027-06-23,17:00,19:00,Entrenamiento,Entrenamiento Juvenil A,Chencho A2,Sesión semanal de entrenamiento,Juvenil A,Activo
TR-20270625-V,2027-06-25,17:00,19:00,Entrenamiento,Entrenamiento Juvenil A,Chencho A2,Sesión semanal de entrenamiento,Juvenil A,Activo
TR-20270628-L,2027-06-28,17:00,19:30,Entrenamiento,Entrenamiento Juvenil A,UJI,Sesión semanal de entrenamiento,Juvenil A,Activo
TR-20270630-X,2027-06-30,17:00,19:00,Entrenamiento,Entrenamiento Juvenil A,Chencho A2,Sesión semanal de entrenamiento,Juvenil A,Activo
