equipo,jornada,dorsal,jugador,minutos,titular,fuente
Bétera C.F. 'A',1,13,Raul Romero Civera,90,1,FFCV estimado
Bétera C.F. 'A',1,5,Hugo Jose Morte Garcia,90,1,FFCV estimado
Bétera C.F. 'A',1,16,Hugo Armiñana Santamaria,80,1,FFCV estimado
Bétera C.F. 'A',1,22,David Aparisi Martinez,90,1,FFCV estimado
Bétera C.F. 'A',1,29,Adrian Cervera Balaguer,90,1,FFCV estimado
Bétera C.F. 'A',1,8,Guillem Vazquez Sahuquillo,90,1,FFCV estimado
Bétera C.F. 'A',1,10,Marc Bosch Campos,58,1,FFCV estimado
Bétera C.F. 'A',1,14,Alberto Guil Sierra,58,1,FFCV estimado
Bétera C.F. 'A',1,7,Santiago Gonzalez Asensi,58,1,FFCV estimado
Bétera C.F. 'A',1,9,Iker Argandoña Roch,83,1,FFCV estimado
Bétera C.F. 'A',1,27,Daniel Bosque Diaz,90,1,FFCV estimado
Bétera C.F. 'A',1,17,Santiago Fabregat Gregorio,32,0,FFCV estimado
Bétera C.F. 'A',1,19,Asier Lopez Olivares,32,0,FFCV estimado
Bétera C.F. 'A',1,21,Valentin Lopez Montesinos,32,0,FFCV estimado
Bétera C.F. 'A',1,23,Alberto Javier Trenor Cerdan,7,0,FFCV estimado
Bétera C.F. 'A',2,13,Raul Romero Civera,90,1,FFCV estimado
Bétera C.F. 'A',2,5,Hugo Jose Morte Garcia,90,1,FFCV estimado
Bétera C.F. 'A',2,22,David Aparisi Martinez,63,1,FFCV estimado
Bétera C.F. 'A',2,27,Daniel Bosque Diaz,79,1,FFCV estimado
Bétera C.F. 'A',2,29,Adrian Cervera Balaguer,90,1,FFCV estimado
Bétera C.F. 'A',2,8,Guillem Vazquez Sahuquillo,90,1,FFCV estimado
Bétera C.F. 'A',2,10,Marc Bosch Campos,90,1,FFCV estimado
Bétera C.F. 'A',2,14,Alberto Guil Sierra,90,1,FFCV estimado
Bétera C.F. 'A',2,17,Santiago Fabregat Gregorio,79,1,FFCV estimado
Bétera C.F. 'A',2,19,Asier Lopez Olivares,56,1,FFCV estimado
Bétera C.F. 'A',2,21,Valentin Lopez Montesinos,56,1,FFCV estimado
Bétera C.F. 'A',2,18,Daniel Ram Levi,11,0,FFCV estimado
Bétera C.F. 'A',2,4,Marc Lozano Rodrigo,11,0,FFCV estimado
Bétera C.F. 'A',2,11,Jose Antonio Peña Hernandez,27,0,FFCV estimado
Bétera C.F. 'A',2,9,Iker Argandoña Roch,34,0,FFCV estimado
Bétera C.F. 'A',2,20,Mykhailo Posternak,34,0,FFCV estimado
Bétera C.F. 'A',3,1,Alex,90,1,FFCV estimado
Bétera C.F. 'A',3,5,Hugo Jose Morte Garcia,90,1,FFCV estimado
Bétera C.F. 'A',3,14,Alberto Guil Sierra,90,1,FFCV estimado
Bétera C.F. 'A',3,16,Hugo Armiñana Santamaria,73,1,FFCV estimado
Bétera C.F. 'A',3,22,David Aparisi Martinez,73,1,FFCV estimado
Bétera C.F. 'A',3,29,Adrian Cervera Balaguer,73,1,FFCV estimado
Bétera C.F. 'A',3,8,Guillem Vazquez Sahuquillo,84,1,FFCV estimado
Bétera C.F. 'A',3,17,Santiago Fabregat Gregorio,60,1,FFCV estimado
Bétera C.F. 'A',3,18,Daniel Ram Levi,60,1,FFCV estimado
Bétera C.F. 'A',3,27,Daniel Bosque Diaz,90,1,FFCV estimado
Bétera C.F. 'A',3,9,Iker Argandoña Roch,90,1,FFCV estimado
Bétera C.F. 'A',3,6,Luis Blazquez Plaza,6,0,FFCV estimado
Bétera C.F. 'A',3,4,Marc Lozano Rodrigo,17,0,FFCV estimado
Bétera C.F. 'A',3,19,Asier Lopez Olivares,17,0,FFCV estimado
Bétera C.F. 'A',3,23,Alberto Javier Trenor Cerdan,17,0,FFCV estimado
Bétera C.F. 'A',3,21,Valentin Lopez Montesinos,30,0,FFCV estimado
Bétera C.F. 'A',3,10,Marc Bosch Campos,30,0,FFCV estimado
Bétera C.F. 'A',4,13,Raul Romero Civera,90,1,FFCV estimado
Bétera C.F. 'A',4,2,Hugo Alabau Rodrigo,73,1,FFCV estimado
Bétera C.F. 'A',4,5,Hugo Jose Morte Garcia,90,1,FFCV estimado
Bétera C.F. 'A',4,16,Hugo Armiñana Santamaria,88,1,FFCV estimado
Bétera C.F. 'A',4,22,David Aparisi Martinez,73,1,FFCV estimado
Bétera C.F. 'A',4,29,Adrian Cervera Balaguer,88,1,FFCV estimado
Bétera C.F. 'A',4,8,Guillem Vazquez Sahuquillo,90,1,FFCV estimado
Bétera C.F. 'A',4,10,Marc Bosch Campos,90,1,FFCV estimado
Bétera C.F. 'A',4,14,Alberto Guil Sierra,90,1,FFCV estimado
Bétera C.F. 'A',4,9,Iker Argandoña Roch,90,1,FFCV estimado
Bétera C.F. 'A',4,19,Asier Lopez Olivares,73,1,FFCV estimado
Bétera C.F. 'A',4,7,Santiago Gonzalez Asensi,17,0,FFCV estimado
Bétera C.F. 'A',4,27,Daniel Bosque Diaz,17,0,FFCV estimado
Bétera C.F. 'A',4,17,Santiago Fabregat Gregorio,17,0,FFCV estimado
Bétera C.F. 'A',4,23,Alberto Javier Trenor Cerdan,2,0,FFCV estimado
Bétera C.F. 'A',4,18,Daniel Ram Levi,2,0,FFCV estimado
Bétera C.F. 'A',4,15,Philip Dzodzo,0,0,FFCV estimado
Bétera C.F. 'A',1,1,Alex,0,0,FFCV estimado
Bétera C.F. 'A',1,2,Hugo Alabau Rodrigo,0,0,FFCV estimado
Bétera C.F. 'A',1,4,Marc Lozano Rodrigo,0,0,FFCV estimado
Bétera C.F. 'A',1,6,Luis Blazquez Plaza,0,0,FFCV estimado
Bétera C.F. 'A',1,11,Jose Antonio Peña Hernandez,0,0,FFCV estimado
Bétera C.F. 'A',1,15,Philip Dzodzo,0,0,FFCV estimado
Bétera C.F. 'A',1,18,Daniel Ram Levi,0,0,FFCV estimado
Bétera C.F. 'A',1,20,Mykhailo Posternak,0,0,FFCV estimado
Bétera C.F. 'A',2,1,Alex,0,0,FFCV estimado
Bétera C.F. 'A',2,2,Hugo Alabau Rodrigo,0,0,FFCV estimado
Bétera C.F. 'A',2,6,Luis Blazquez Plaza,0,0,FFCV estimado
Bétera C.F. 'A',2,7,Santiago Gonzalez Asensi,0,0,FFCV estimado
Bétera C.F. 'A',2,15,Philip Dzodzo,0,0,FFCV estimado
Bétera C.F. 'A',2,16,Hugo Armiñana Santamaria,0,0,FFCV estimado
Bétera C.F. 'A',2,23,Alberto Javier Trenor Cerdan,0,0,FFCV estimado
Bétera C.F. 'A',3,2,Hugo Alabau Rodrigo,0,0,FFCV estimado
Bétera C.F. 'A',3,7,Santiago Gonzalez Asensi,0,0,FFCV estimado
Bétera C.F. 'A',3,11,Jose Antonio Peña Hernandez,0,0,FFCV estimado
Bétera C.F. 'A',3,13,Raul Romero Civera,0,0,FFCV estimado
Bétera C.F. 'A',3,15,Philip Dzodzo,0,0,FFCV estimado
Bétera C.F. 'A',3,20,Mykhailo Posternak,0,0,FFCV estimado
Bétera C.F. 'A',4,1,Alex,0,0,FFCV estimado
Bétera C.F. 'A',4,4,Marc Lozano Rodrigo,0,0,FFCV estimado
Bétera C.F. 'A',4,6,Luis Blazquez Plaza,0,0,FFCV estimado
Bétera C.F. 'A',4,11,Jose Antonio Peña Hernandez,0,0,FFCV estimado
Bétera C.F. 'A',4,20,Mykhailo Posternak,0,0,FFCV estimado
Bétera C.F. 'A',4,21,Valentin Lopez Montesinos,0,0,FFCV estimado
C.D. Acero 'A',1,1,Abel Martinez Vaquero,90,1,FFCV validado desde XI y cambios
C.D. Acero 'A',1,5,Llorenç Vicent Forner,45,1,FFCV validado desde XI y cambios
C.D. Acero 'A',1,14,Alejandro De Haro Rodriguez,60,1,FFCV validado desde XI y cambios
C.D. Acero 'A',1,15,Jorge Fores Biosca,90,1,FFCV validado desde XI y cambios
C.D. Acero 'A',1,16,Manel Gonzalez Bonet,90,1,FFCV validado desde XI y cambios
C.D. Acero 'A',1,6,Mario Molina Ballester,90,1,FFCV validado desde XI y cambios
C.D. Acero 'A',1,8,Daniel Blazquez Castillo,90,1,FFCV validado desde XI y cambios
C.D. Acero 'A',1,17,Noah Caballero Parrizas,65,1,FFCV validado desde XI y cambios
C.D. Acero 'A',1,21,Carlos Bracho Trujillo,90,1,FFCV validado desde XI y cambios
C.D. Acero 'A',1,19,Jorge Lopez Vila,75,1,FFCV validado desde XI y cambios
C.D. Acero 'A',1,20,Mario Navarro Perello,45,1,FFCV validado desde XI y cambios
C.D. Acero 'A',1,2,Ibrahim Zahidi Harfouch,45,0,FFCV validado desde XI y cambios
C.D. Acero 'A',1,9,Alejandro Bernal Lluch,30,0,FFCV validado desde XI y cambios
C.D. Acero 'A',1,10,Hector Martin Baron,25,0,FFCV validado desde XI y cambios
C.D. Acero 'A',1,22,Elias Zamora,45,0,FFCV validado desde XI y cambios
C.D. Acero 'A',1,25,Joan Bermejo Ferrer,15,0,FFCV validado desde XI y cambios
C.D. Acero 'A',1,33,Aaron Madrid Garcia,0,0,FFCV validado desde XI y cambios
C.D. Acero 'A',1,12,Lucas Henrique Maior Rodriguez Leite,0,0,FFCV validado desde XI y cambios
C.D. Acero 'A',1,13,Joan Salvador Moreno,0,0,FFCV validado desde XI y cambios
C.D. Acero 'A',2,13,Joan Salvador Moreno,90,1,FFCV validado desde XI y cambios
C.D. Acero 'A',2,14,Alejandro De Haro Rodriguez,46,1,FFCV validado desde XI y cambios
C.D. Acero 'A',2,15,Jorge Fores Biosca,90,1,FFCV validado desde XI y cambios
C.D. Acero 'A',2,16,Manel Gonzalez Bonet,90,1,FFCV validado desde XI y cambios
C.D. Acero 'A',2,21,Carlos Bracho Trujillo,90,1,FFCV validado desde XI y cambios
C.D. Acero 'A',2,6,Mario Molina Ballester,90,1,FFCV validado desde XI y cambios
C.D. Acero 'A',2,8,Daniel Blazquez Castillo,65,1,FFCV validado desde XI y cambios
C.D. Acero 'A',2,10,Hector Martin Baron,73,1,FFCV validado desde XI y cambios
C.D. Acero 'A',2,22,Elias Zamora,59,1,FFCV validado desde XI y cambios
C.D. Acero 'A',2,2,Ibrahim Zahidi Harfouch,59,1,FFCV validado desde XI y cambios
C.D. Acero 'A',2,20,Mario Navarro Perello,46,1,FFCV validado desde XI y cambios
C.D. Acero 'A',2,5,Llorenç Vicent Forner,25,0,FFCV validado desde XI y cambios
C.D. Acero 'A',2,9,Alejandro Bernal Lluch,31,0,FFCV validado desde XI y cambios
C.D. Acero 'A',2,17,Noah Caballero Parrizas,44,0,FFCV validado desde XI y cambios
C.D. Acero 'A',2,23,Sebastien Bryan Blanchet,44,0,FFCV validado desde XI y cambios
C.D. Acero 'A',2,25,Joan Bermejo Ferrer,17,0,FFCV validado desde XI y cambios
C.D. Acero 'A',2,29,Oscar Manrique Martinez,31,0,FFCV validado desde XI y cambios
C.D. Acero 'A',2,1,Abel Martinez Vaquero,0,0,FFCV validado desde XI y cambios
C.D. Acero 'A',3,1,Abel Martinez Vaquero,90,1,FFCV validado desde XI y cambios
C.D. Acero 'A',3,14,Alejandro De Haro Rodriguez,90,1,FFCV validado desde XI y cambios
C.D. Acero 'A',3,15,Jorge Fores Biosca,90,1,FFCV validado desde XI y cambios
C.D. Acero 'A',3,16,Manel Gonzalez Bonet,59,1,FFCV validado desde XI y cambios
C.D. Acero 'A',3,23,Sebastien Bryan Blanchet,70,1,FFCV validado desde XI y cambios
C.D. Acero 'A',3,6,Mario Molina Ballester,90,1,FFCV validado desde XI y cambios
C.D. Acero 'A',3,8,Daniel Blazquez Castillo,90,1,FFCV validado desde XI y cambios
C.D. Acero 'A',3,21,Carlos Bracho Trujillo,90,1,FFCV validado desde XI y cambios
C.D. Acero 'A',3,22,Elias Zamora,59,1,FFCV validado desde XI y cambios
C.D. Acero 'A',3,10,Hector Martin Baron,70,1,FFCV validado desde XI y cambios
C.D. Acero 'A',3,19,Jorge Lopez Vila,90,1,FFCV validado desde XI y cambios
C.D. Acero 'A',3,29,Oscar Manrique Martinez,31,0,FFCV validado desde XI y cambios
C.D. Acero 'A',3,25,Joan Bermejo Ferrer,31,0,FFCV validado desde XI y cambios
C.D. Acero 'A',3,20,Mario Navarro Perello,20,0,FFCV validado desde XI y cambios
C.D. Acero 'A',3,9,Alejandro Bernal Lluch,20,0,FFCV validado desde XI y cambios
C.D. Acero 'A',3,33,Aaron Madrid Garcia,0,0,FFCV validado desde XI y cambios
C.D. Acero 'A',3,5,Llorenç Vicent Forner,0,0,FFCV validado desde XI y cambios
C.D. Acero 'A',3,7,Daniel Grigoriciuc,0,0,FFCV validado desde XI y cambios
C.D. Acero 'A',3,13,Joan Salvador Moreno,0,0,FFCV validado desde XI y cambios
C.D. Acero 'A',4,13,Joan Salvador Moreno,90,1,FFCV validado desde XI y cambios
C.D. Acero 'A',4,3,Ianis Gabriel Pesa,90,1,FFCV validado desde XI y cambios
C.D. Acero 'A',4,15,Jorge Fores Biosca,85,1,FFCV validado desde XI y cambios
C.D. Acero 'A',4,16,Manel Gonzalez Bonet,66,1,FFCV validado desde XI y cambios
C.D. Acero 'A',4,23,Sebastien Bryan Blanchet,66,1,FFCV validado desde XI y cambios
C.D. Acero 'A',4,6,Mario Molina Ballester,90,1,FFCV validado desde XI y cambios
C.D. Acero 'A',4,8,Daniel Blazquez Castillo,48,1,FFCV validado desde XI y cambios
C.D. Acero 'A',4,21,Carlos Bracho Trujillo,90,1,FFCV validado desde XI y cambios
C.D. Acero 'A',4,33,Aaron Madrid Garcia,90,1,FFCV validado desde XI y cambios
C.D. Acero 'A',4,10,Hector Martin Baron,85,1,FFCV validado desde XI y cambios
C.D. Acero 'A',4,19,Jorge Lopez Vila,66,1,FFCV validado desde XI y cambios
C.D. Acero 'A',4,5,Llorenç Vicent Forner,5,0,FFCV validado desde XI y cambios
C.D. Acero 'A',4,14,Alejandro De Haro Rodriguez,5,0,FFCV validado desde XI y cambios
C.D. Acero 'A',4,29,Oscar Manrique Martinez,42,0,FFCV validado desde XI y cambios
C.D. Acero 'A',4,18,Ibrahim Zahidi Harfouch,24,0,FFCV validado desde XI y cambios
C.D. Acero 'A',4,20,Mario Navarro Perello,24,0,FFCV validado desde XI y cambios
C.D. Acero 'A',4,22,Elias Zamora,24,0,FFCV validado desde XI y cambios
C.D. Acero 'A',4,1,Abel Martinez Vaquero,0,0,FFCV validado desde XI y cambios
Primer Toque C.F. 'A',1,1,Alessio,90,1,FFCV validado desde vídeo
Primer Toque C.F. 'A',1,2,Chelli,77,1,FFCV validado desde vídeo
Primer Toque C.F. 'A',1,3,Irakli,90,1,FFCV validado desde vídeo
Primer Toque C.F. 'A',1,4,Sánchez,90,1,FFCV validado desde vídeo
Primer Toque C.F. 'A',1,14,Blázquez,77,1,FFCV validado desde vídeo
Primer Toque C.F. 'A',1,21,Pedro,90,1,FFCV validado desde vídeo
Primer Toque C.F. 'A',1,8,Toni,90,1,FFCV validado desde vídeo
Primer Toque C.F. 'A',1,10,Bilal,90,1,FFCV validado desde vídeo
Primer Toque C.F. 'A',1,30,Boyan,65,1,FFCV validado desde vídeo
Primer Toque C.F. 'A',1,9,Sebas,65,1,FFCV validado desde vídeo
Primer Toque C.F. 'A',1,24,Núñez,77,1,FFCV validado desde vídeo
Primer Toque C.F. 'A',1,28,Pau,13,0,FFCV validado desde vídeo
Primer Toque C.F. 'A',1,6,Dennis,13,0,FFCV validado desde vídeo
Primer Toque C.F. 'A',1,17,Abde,13,0,FFCV validado desde vídeo
Primer Toque C.F. 'A',1,19,Mois,25,0,FFCV validado desde vídeo
Primer Toque C.F. 'A',1,7,Ian,25,0,FFCV validado desde vídeo
Primer Toque C.F. 'A',2,1,Alessio,90,1,FFCV validado desde vídeo
Primer Toque C.F. 'A',2,2,Chelli,90,1,FFCV validado desde vídeo
Primer Toque C.F. 'A',2,3,Irakli,90,1,FFCV validado desde vídeo
Primer Toque C.F. 'A',2,5,Xavi,90,1,FFCV validado desde vídeo
Primer Toque C.F. 'A',2,14,Blázquez,82,1,FFCV validado desde vídeo
Primer Toque C.F. 'A',2,7,Ian,67,1,FFCV validado desde vídeo
Primer Toque C.F. 'A',2,10,Bilal,90,1,FFCV validado desde vídeo
Primer Toque C.F. 'A',2,19,Mois,46,1,FFCV validado desde vídeo
Primer Toque C.F. 'A',2,21,Pedro,82,1,FFCV validado desde vídeo
Primer Toque C.F. 'A',2,9,Sebas,77,1,FFCV validado desde vídeo
Primer Toque C.F. 'A',2,24,Núñez,90,1,FFCV validado desde vídeo
Primer Toque C.F. 'A',2,8,Toni,44,0,FFCV validado desde vídeo
Primer Toque C.F. 'A',2,17,Abde,23,0,FFCV validado desde vídeo
Primer Toque C.F. 'A',2,11,Fran,13,0,FFCV validado desde vídeo
Primer Toque C.F. 'A',2,4,Sánchez,8,0,FFCV validado desde vídeo
Primer Toque C.F. 'A',2,30,Boyan,8,0,FFCV validado desde vídeo
Primer Toque C.F. 'A',3,13,Jordi,90,1,FFCV validado desde vídeo
Primer Toque C.F. 'A',3,2,Chelli,86,1,FFCV validado desde vídeo
Primer Toque C.F. 'A',3,4,Sánchez,46,1,FFCV validado desde vídeo
Primer Toque C.F. 'A',3,8,Toni,56,1,FFCV validado desde vídeo
Primer Toque C.F. 'A',3,14,Blázquez,90,1,FFCV validado desde vídeo
Primer Toque C.F. 'A',3,7,Ian,65,1,FFCV validado desde vídeo
Primer Toque C.F. 'A',3,10,Bilal,90,1,FFCV validado desde vídeo
Primer Toque C.F. 'A',3,16,Hamza,46,1,FFCV validado desde vídeo
Primer Toque C.F. 'A',3,21,Pedro,90,1,FFCV validado desde vídeo
Primer Toque C.F. 'A',3,9,Sebas,90,1,FFCV validado desde vídeo
Primer Toque C.F. 'A',3,24,Núñez,80,1,FFCV validado desde vídeo
Primer Toque C.F. 'A',3,3,Irakli,44,0,FFCV validado desde vídeo
Primer Toque C.F. 'A',3,5,Xavi,44,0,FFCV validado desde vídeo
Primer Toque C.F. 'A',3,6,Dennis,4,0,FFCV validado desde vídeo
Primer Toque C.F. 'A',3,11,Fran,10,0,FFCV validado desde vídeo
Primer Toque C.F. 'A',3,19,Mois,25,0,FFCV validado desde vídeo
Primer Toque C.F. 'A',4,13,Jordi,90,1,FFCV validado desde vídeo
Primer Toque C.F. 'A',4,2,Chelli,90,1,FFCV validado desde vídeo
Primer Toque C.F. 'A',4,3,Irakli,90,1,FFCV validado desde vídeo
Primer Toque C.F. 'A',4,4,Sánchez,90,1,FFCV validado desde vídeo
Primer Toque C.F. 'A',4,5,Xavi,90,1,FFCV validado desde vídeo
Primer Toque C.F. 'A',4,14,Blázquez,83,1,FFCV validado desde vídeo
Primer Toque C.F. 'A',4,7,Ian,72,1,FFCV validado desde vídeo
Primer Toque C.F. 'A',4,16,Hamza,61,1,FFCV validado desde vídeo
Primer Toque C.F. 'A',4,21,Pedro,82,1,FFCV validado desde vídeo
Primer Toque C.F. 'A',4,24,Núñez,90,1,FFCV validado desde vídeo
Primer Toque C.F. 'A',4,19,Mois,72,1,FFCV validado desde vídeo
Primer Toque C.F. 'A',4,6,Dennis,8,0,FFCV validado desde vídeo
Primer Toque C.F. 'A',4,17,Abde,18,0,FFCV validado desde vídeo
Primer Toque C.F. 'A',4,28,Pau,18,0,FFCV validado desde vídeo
Primer Toque C.F. 'A',4,9,Sebas,29,0,FFCV validado desde vídeo
Primer Toque C.F. 'A',5,1,Alessio,90,1,FFCV validado desde vídeo
Primer Toque C.F. 'A',5,3,Irakli,46,1,FFCV validado desde vídeo
Primer Toque C.F. 'A',5,4,Sánchez,90,1,FFCV validado desde vídeo
Primer Toque C.F. 'A',5,5,Xavi,90,1,FFCV validado desde vídeo
Primer Toque C.F. 'A',5,28,Pau,52,1,FFCV validado desde vídeo
Primer Toque C.F. 'A',5,8,Toni,90,1,FFCV validado desde vídeo
Primer Toque C.F. 'A',5,9,Sebas,90,1,FFCV validado desde vídeo
Primer Toque C.F. 'A',5,10,Bilal,86,1,FFCV validado desde vídeo
Primer Toque C.F. 'A',5,17,Abde,75,1,FFCV validado desde vídeo
Primer Toque C.F. 'A',5,19,Mois,90,1,FFCV validado desde vídeo
Primer Toque C.F. 'A',5,24,Núñez,90,1,FFCV validado desde vídeo
Primer Toque C.F. 'A',5,21,Pedro,4,0,FFCV validado desde vídeo
Primer Toque C.F. 'A',5,6,Dennis,15,0,FFCV validado desde vídeo
Primer Toque C.F. 'A',5,7,Ian,38,0,FFCV validado desde vídeo
Primer Toque C.F. 'A',5,16,Hamza,44,0,FFCV validado desde vídeo
